login,id,node_id,avatar_url,gravatar_id,url,html_url,followers_url,following_url,gists_url,starred_url,organizations_url,subscriptions_url,repos_url,events_url,received_events_url,type,site_admin,contributions
nvbn,1114542,MDQ6VXNlcjExMTQ1NDI=,https://avatars.githubusercontent.com/u/1114542?v=4,,https://api.github.com/users/nvbn,https://github.com/nvbn,https://api.github.com/users/nvbn/followers,https://api.github.com/users/nvbn/following{/other_user},https://api.github.com/users/nvbn/gists{/gist_id},https://api.github.com/users/nvbn/starred{/owner}{/repo},https://api.github.com/users/nvbn/orgs,https://api.github.com/users/nvbn/subscriptions,https://api.github.com/users/nvbn/repos,https://api.github.com/users/nvbn/events{/privacy},https://api.github.com/users/nvbn/received_events,User,False,928
mcarton,3751788,MDQ6VXNlcjM3NTE3ODg=,https://avatars.githubusercontent.com/u/3751788?v=4,,https://api.github.com/users/mcarton,https://github.com/mcarton,https://api.github.com/users/mcarton/followers,https://api.github.com/users/mcarton/following{/other_user},https://api.github.com/users/mcarton/gists{/gist_id},https://api.github.com/users/mcarton/starred{/owner}{/repo},https://api.github.com/users/mcarton/orgs,https://api.github.com/users/mcarton/subscriptions,https://api.github.com/users/mcarton/repos,https://api.github.com/users/mcarton/events{/privacy},https://api.github.com/users/mcarton/received_events,User,False,125
scorphus,2112697,MDQ6VXNlcjIxMTI2OTc=,https://avatars.githubusercontent.com/u/2112697?v=4,,https://api.github.com/users/scorphus,https://github.com/scorphus,https://api.github.com/users/scorphus/followers,https://api.github.com/users/scorphus/following{/other_user},https://api.github.com/users/scorphus/gists{/gist_id},https://api.github.com/users/scorphus/starred{/owner}{/repo},https://api.github.com/users/scorphus/orgs,https://api.github.com/users/scorphus/subscriptions,https://api.github.com/users/scorphus/repos,https://api.github.com/users/scorphus/events{/privacy},https://api.github.com/users/scorphus/received_events,User,False,114
josephfrazier,6473925,MDQ6VXNlcjY0NzM5MjU=,https://avatars.githubusercontent.com/u/6473925?v=4,,https://api.github.com/users/josephfrazier,https://github.com/josephfrazier,https://api.github.com/users/josephfrazier/followers,https://api.github.com/users/josephfrazier/following{/other_user},https://api.github.com/users/josephfrazier/gists{/gist_id},https://api.github.com/users/josephfrazier/starred{/owner}{/repo},https://api.github.com/users/josephfrazier/orgs,https://api.github.com/users/josephfrazier/subscriptions,https://api.github.com/users/josephfrazier/repos,https://api.github.com/users/josephfrazier/events{/privacy},https://api.github.com/users/josephfrazier/received_events,User,False,88
mlk,142099,MDQ6VXNlcjE0MjA5OQ==,https://avatars.githubusercontent.com/u/142099?v=4,,https://api.github.com/users/mlk,https://github.com/mlk,https://api.github.com/users/mlk/followers,https://api.github.com/users/mlk/following{/other_user},https://api.github.com/users/mlk/gists{/gist_id},https://api.github.com/users/mlk/starred{/owner}{/repo},https://api.github.com/users/mlk/orgs,https://api.github.com/users/mlk/subscriptions,https://api.github.com/users/mlk/repos,https://api.github.com/users/mlk/events{/privacy},https://api.github.com/users/mlk/received_events,User,False,14
SanketDG,8980971,MDQ6VXNlcjg5ODA5NzE=,https://avatars.githubusercontent.com/u/8980971?v=4,,https://api.github.com/users/SanketDG,https://github.com/SanketDG,https://api.github.com/users/SanketDG/followers,https://api.github.com/users/SanketDG/following{/other_user},https://api.github.com/users/SanketDG/gists{/gist_id},https://api.github.com/users/SanketDG/starred{/owner}{/repo},https://api.github.com/users/SanketDG/orgs,https://api.github.com/users/SanketDG/subscriptions,https://api.github.com/users/SanketDG/repos,https://api.github.com/users/SanketDG/events{/privacy},https://api.github.com/users/SanketDG/received_events,User,False,14
djh82,1810493,MDQ6VXNlcjE4MTA0OTM=,https://avatars.githubusercontent.com/u/1810493?v=4,,https://api.github.com/users/djh82,https://github.com/djh82,https://api.github.com/users/djh82/followers,https://api.github.com/users/djh82/following{/other_user},https://api.github.com/users/djh82/gists{/gist_id},https://api.github.com/users/djh82/starred{/owner}{/repo},https://api.github.com/users/djh82/orgs,https://api.github.com/users/djh82/subscriptions,https://api.github.com/users/djh82/repos,https://api.github.com/users/djh82/events{/privacy},https://api.github.com/users/djh82/received_events,User,False,11
Epse,10013355,MDQ6VXNlcjEwMDEzMzU1,https://avatars.githubusercontent.com/u/10013355?v=4,,https://api.github.com/users/Epse,https://github.com/Epse,https://api.github.com/users/Epse/followers,https://api.github.com/users/Epse/following{/other_user},https://api.github.com/users/Epse/gists{/gist_id},https://api.github.com/users/Epse/starred{/owner}{/repo},https://api.github.com/users/Epse/orgs,https://api.github.com/users/Epse/subscriptions,https://api.github.com/users/Epse/repos,https://api.github.com/users/Epse/events{/privacy},https://api.github.com/users/Epse/received_events,User,False,11
MattKotsenas,51421,MDQ6VXNlcjUxNDIx,https://avatars.githubusercontent.com/u/51421?v=4,,https://api.github.com/users/MattKotsenas,https://github.com/MattKotsenas,https://api.github.com/users/MattKotsenas/followers,https://api.github.com/users/MattKotsenas/following{/other_user},https://api.github.com/users/MattKotsenas/gists{/gist_id},https://api.github.com/users/MattKotsenas/starred{/owner}{/repo},https://api.github.com/users/MattKotsenas/orgs,https://api.github.com/users/MattKotsenas/subscriptions,https://api.github.com/users/MattKotsenas/repos,https://api.github.com/users/MattKotsenas/events{/privacy},https://api.github.com/users/MattKotsenas/received_events,User,False,8
divykj,62170586,MDQ6VXNlcjYyMTcwNTg2,https://avatars.githubusercontent.com/u/62170586?v=4,,https://api.github.com/users/divykj,https://github.com/divykj,https://api.github.com/users/divykj/followers,https://api.github.com/users/divykj/following{/other_user},https://api.github.com/users/divykj/gists{/gist_id},https://api.github.com/users/divykj/starred{/owner}{/repo},https://api.github.com/users/divykj/orgs,https://api.github.com/users/divykj/subscriptions,https://api.github.com/users/divykj/repos,https://api.github.com/users/divykj/events{/privacy},https://api.github.com/users/divykj/received_events,User,False,8
kimtree,557307,MDQ6VXNlcjU1NzMwNw==,https://avatars.githubusercontent.com/u/557307?v=4,,https://api.github.com/users/kimtree,https://github.com/kimtree,https://api.github.com/users/kimtree/followers,https://api.github.com/users/kimtree/following{/other_user},https://api.github.com/users/kimtree/gists{/gist_id},https://api.github.com/users/kimtree/starred{/owner}{/repo},https://api.github.com/users/kimtree/orgs,https://api.github.com/users/kimtree/subscriptions,https://api.github.com/users/kimtree/repos,https://api.github.com/users/kimtree/events{/privacy},https://api.github.com/users/kimtree/received_events,User,False,7
qrqiuren,3875617,MDQ6VXNlcjM4NzU2MTc=,https://avatars.githubusercontent.com/u/3875617?v=4,,https://api.github.com/users/qrqiuren,https://github.com/qrqiuren,https://api.github.com/users/qrqiuren/followers,https://api.github.com/users/qrqiuren/following{/other_user},https://api.github.com/users/qrqiuren/gists{/gist_id},https://api.github.com/users/qrqiuren/starred{/owner}{/repo},https://api.github.com/users/qrqiuren/orgs,https://api.github.com/users/qrqiuren/subscriptions,https://api.github.com/users/qrqiuren/repos,https://api.github.com/users/qrqiuren/events{/privacy},https://api.github.com/users/qrqiuren/received_events,User,False,6
ik1ne,3996272,MDQ6VXNlcjM5OTYyNzI=,https://avatars.githubusercontent.com/u/3996272?v=4,,https://api.github.com/users/ik1ne,https://github.com/ik1ne,https://api.github.com/users/ik1ne/followers,https://api.github.com/users/ik1ne/following{/other_user},https://api.github.com/users/ik1ne/gists{/gist_id},https://api.github.com/users/ik1ne/starred{/owner}{/repo},https://api.github.com/users/ik1ne/orgs,https://api.github.com/users/ik1ne/subscriptions,https://api.github.com/users/ik1ne/repos,https://api.github.com/users/ik1ne/events{/privacy},https://api.github.com/users/ik1ne/received_events,User,False,6
nwinkler,907063,MDQ6VXNlcjkwNzA2Mw==,https://avatars.githubusercontent.com/u/907063?v=4,,https://api.github.com/users/nwinkler,https://github.com/nwinkler,https://api.github.com/users/nwinkler/followers,https://api.github.com/users/nwinkler/following{/other_user},https://api.github.com/users/nwinkler/gists{/gist_id},https://api.github.com/users/nwinkler/starred{/owner}{/repo},https://api.github.com/users/nwinkler/orgs,https://api.github.com/users/nwinkler/subscriptions,https://api.github.com/users/nwinkler/repos,https://api.github.com/users/nwinkler/events{/privacy},https://api.github.com/users/nwinkler/received_events,User,False,5
dhilipsiva,502170,MDQ6VXNlcjUwMjE3MA==,https://avatars.githubusercontent.com/u/502170?v=4,,https://api.github.com/users/dhilipsiva,https://github.com/dhilipsiva,https://api.github.com/users/dhilipsiva/followers,https://api.github.com/users/dhilipsiva/following{/other_user},https://api.github.com/users/dhilipsiva/gists{/gist_id},https://api.github.com/users/dhilipsiva/starred{/owner}{/repo},https://api.github.com/users/dhilipsiva/orgs,https://api.github.com/users/dhilipsiva/subscriptions,https://api.github.com/users/dhilipsiva/repos,https://api.github.com/users/dhilipsiva/events{/privacy},https://api.github.com/users/dhilipsiva/received_events,User,False,5
mmussomele,8631959,MDQ6VXNlcjg2MzE5NTk=,https://avatars.githubusercontent.com/u/8631959?v=4,,https://api.github.com/users/mmussomele,https://github.com/mmussomele,https://api.github.com/users/mmussomele/followers,https://api.github.com/users/mmussomele/following{/other_user},https://api.github.com/users/mmussomele/gists{/gist_id},https://api.github.com/users/mmussomele/starred{/owner}{/repo},https://api.github.com/users/mmussomele/orgs,https://api.github.com/users/mmussomele/subscriptions,https://api.github.com/users/mmussomele/repos,https://api.github.com/users/mmussomele/events{/privacy},https://api.github.com/users/mmussomele/received_events,User,False,5
duboviy,6747643,MDQ6VXNlcjY3NDc2NDM=,https://avatars.githubusercontent.com/u/6747643?v=4,,https://api.github.com/users/duboviy,https://github.com/duboviy,https://api.github.com/users/duboviy/followers,https://api.github.com/users/duboviy/following{/other_user},https://api.github.com/users/duboviy/gists{/gist_id},https://api.github.com/users/duboviy/starred{/owner}{/repo},https://api.github.com/users/duboviy/orgs,https://api.github.com/users/duboviy/subscriptions,https://api.github.com/users/duboviy/repos,https://api.github.com/users/duboviy/events{/privacy},https://api.github.com/users/duboviy/received_events,User,False,5
bugaevc,10091584,MDQ6VXNlcjEwMDkxNTg0,https://avatars.githubusercontent.com/u/10091584?v=4,,https://api.github.com/users/bugaevc,https://github.com/bugaevc,https://api.github.com/users/bugaevc/followers,https://api.github.com/users/bugaevc/following{/other_user},https://api.github.com/users/bugaevc/gists{/gist_id},https://api.github.com/users/bugaevc/starred{/owner}{/repo},https://api.github.com/users/bugaevc/orgs,https://api.github.com/users/bugaevc/subscriptions,https://api.github.com/users/bugaevc/repos,https://api.github.com/users/bugaevc/events{/privacy},https://api.github.com/users/bugaevc/received_events,User,False,4
Brobin,6194619,MDQ6VXNlcjYxOTQ2MTk=,https://avatars.githubusercontent.com/u/6194619?v=4,,https://api.github.com/users/Brobin,https://github.com/Brobin,https://api.github.com/users/Brobin/followers,https://api.github.com/users/Brobin/following{/other_user},https://api.github.com/users/Brobin/gists{/gist_id},https://api.github.com/users/Brobin/starred{/owner}{/repo},https://api.github.com/users/Brobin/orgs,https://api.github.com/users/Brobin/subscriptions,https://api.github.com/users/Brobin/repos,https://api.github.com/users/Brobin/events{/privacy},https://api.github.com/users/Brobin/received_events,User,False,3
cjmartian,47338163,MDQ6VXNlcjQ3MzM4MTYz,https://avatars.githubusercontent.com/u/47338163?v=4,,https://api.github.com/users/cjmartian,https://github.com/cjmartian,https://api.github.com/users/cjmartian/followers,https://api.github.com/users/cjmartian/following{/other_user},https://api.github.com/users/cjmartian/gists{/gist_id},https://api.github.com/users/cjmartian/starred{/owner}{/repo},https://api.github.com/users/cjmartian/orgs,https://api.github.com/users/cjmartian/subscriptions,https://api.github.com/users/cjmartian/repos,https://api.github.com/users/cjmartian/events{/privacy},https://api.github.com/users/cjmartian/received_events,User,False,3
felixonmars,1006477,MDQ6VXNlcjEwMDY0Nzc=,https://avatars.githubusercontent.com/u/1006477?v=4,,https://api.github.com/users/felixonmars,https://github.com/felixonmars,https://api.github.com/users/felixonmars/followers,https://api.github.com/users/felixonmars/following{/other_user},https://api.github.com/users/felixonmars/gists{/gist_id},https://api.github.com/users/felixonmars/starred{/owner}{/repo},https://api.github.com/users/felixonmars/orgs,https://api.github.com/users/felixonmars/subscriptions,https://api.github.com/users/felixonmars/repos,https://api.github.com/users/felixonmars/events{/privacy},https://api.github.com/users/felixonmars/received_events,User,False,3
lukechilds,2123375,MDQ6VXNlcjIxMjMzNzU=,https://avatars.githubusercontent.com/u/2123375?v=4,,https://api.github.com/users/lukechilds,https://github.com/lukechilds,https://api.github.com/users/lukechilds/followers,https://api.github.com/users/lukechilds/following{/other_user},https://api.github.com/users/lukechilds/gists{/gist_id},https://api.github.com/users/lukechilds/starred{/owner}{/repo},https://api.github.com/users/lukechilds/orgs,https://api.github.com/users/lukechilds/subscriptions,https://api.github.com/users/lukechilds/repos,https://api.github.com/users/lukechilds/events{/privacy},https://api.github.com/users/lukechilds/received_events,User,False,3
reitermarkus,1309829,MDQ6VXNlcjEzMDk4Mjk=,https://avatars.githubusercontent.com/u/1309829?v=4,,https://api.github.com/users/reitermarkus,https://github.com/reitermarkus,https://api.github.com/users/reitermarkus/followers,https://api.github.com/users/reitermarkus/following{/other_user},https://api.github.com/users/reitermarkus/gists{/gist_id},https://api.github.com/users/reitermarkus/starred{/owner}{/repo},https://api.github.com/users/reitermarkus/orgs,https://api.github.com/users/reitermarkus/subscriptions,https://api.github.com/users/reitermarkus/repos,https://api.github.com/users/reitermarkus/events{/privacy},https://api.github.com/users/reitermarkus/received_events,User,False,3
mkreder,2334599,MDQ6VXNlcjIzMzQ1OTk=,https://avatars.githubusercontent.com/u/2334599?v=4,,https://api.github.com/users/mkreder,https://github.com/mkreder,https://api.github.com/users/mkreder/followers,https://api.github.com/users/mkreder/following{/other_user},https://api.github.com/users/mkreder/gists{/gist_id},https://api.github.com/users/mkreder/starred{/owner}{/repo},https://api.github.com/users/mkreder/orgs,https://api.github.com/users/mkreder/subscriptions,https://api.github.com/users/mkreder/repos,https://api.github.com/users/mkreder/events{/privacy},https://api.github.com/users/mkreder/received_events,User,False,3
SpyCheese,11584995,MDQ6VXNlcjExNTg0OTk1,https://avatars.githubusercontent.com/u/11584995?v=4,,https://api.github.com/users/SpyCheese,https://github.com/SpyCheese,https://api.github.com/users/SpyCheese/followers,https://api.github.com/users/SpyCheese/following{/other_user},https://api.github.com/users/SpyCheese/gists{/gist_id},https://api.github.com/users/SpyCheese/starred{/owner}{/repo},https://api.github.com/users/SpyCheese/orgs,https://api.github.com/users/SpyCheese/subscriptions,https://api.github.com/users/SpyCheese/repos,https://api.github.com/users/SpyCheese/events{/privacy},https://api.github.com/users/SpyCheese/received_events,User,False,3
tjhorner,2646487,MDQ6VXNlcjI2NDY0ODc=,https://avatars.githubusercontent.com/u/2646487?v=4,,https://api.github.com/users/tjhorner,https://github.com/tjhorner,https://api.github.com/users/tjhorner/followers,https://api.github.com/users/tjhorner/following{/other_user},https://api.github.com/users/tjhorner/gists{/gist_id},https://api.github.com/users/tjhorner/starred{/owner}{/repo},https://api.github.com/users/tjhorner/orgs,https://api.github.com/users/tjhorner/subscriptions,https://api.github.com/users/tjhorner/repos,https://api.github.com/users/tjhorner/events{/privacy},https://api.github.com/users/tjhorner/received_events,User,False,3
waldyrious,478237,MDQ6VXNlcjQ3ODIzNw==,https://avatars.githubusercontent.com/u/478237?v=4,,https://api.github.com/users/waldyrious,https://github.com/waldyrious,https://api.github.com/users/waldyrious/followers,https://api.github.com/users/waldyrious/following{/other_user},https://api.github.com/users/waldyrious/gists{/gist_id},https://api.github.com/users/waldyrious/starred{/owner}{/repo},https://api.github.com/users/waldyrious/orgs,https://api.github.com/users/waldyrious/subscriptions,https://api.github.com/users/waldyrious/repos,https://api.github.com/users/waldyrious/events{/privacy},https://api.github.com/users/waldyrious/received_events,User,False,3
lawben,7422656,MDQ6VXNlcjc0MjI2NTY=,https://avatars.githubusercontent.com/u/7422656?v=4,,https://api.github.com/users/lawben,https://github.com/lawben,https://api.github.com/users/lawben/followers,https://api.github.com/users/lawben/following{/other_user},https://api.github.com/users/lawben/gists{/gist_id},https://api.github.com/users/lawben/starred{/owner}{/repo},https://api.github.com/users/lawben/orgs,https://api.github.com/users/lawben/subscriptions,https://api.github.com/users/lawben/repos,https://api.github.com/users/lawben/events{/privacy},https://api.github.com/users/lawben/received_events,User,False,3
ls0f,1734093,MDQ6VXNlcjE3MzQwOTM=,https://avatars.githubusercontent.com/u/1734093?v=4,,https://api.github.com/users/ls0f,https://github.com/ls0f,https://api.github.com/users/ls0f/followers,https://api.github.com/users/ls0f/following{/other_user},https://api.github.com/users/ls0f/gists{/gist_id},https://api.github.com/users/ls0f/starred{/owner}{/repo},https://api.github.com/users/ls0f/orgs,https://api.github.com/users/ls0f/subscriptions,https://api.github.com/users/ls0f/repos,https://api.github.com/users/ls0f/events{/privacy},https://api.github.com/users/ls0f/received_events,User,False,3
awonnacott,1070840,MDQ6VXNlcjEwNzA4NDA=,https://avatars.githubusercontent.com/u/1070840?v=4,,https://api.github.com/users/awonnacott,https://github.com/awonnacott,https://api.github.com/users/awonnacott/followers,https://api.github.com/users/awonnacott/following{/other_user},https://api.github.com/users/awonnacott/gists{/gist_id},https://api.github.com/users/awonnacott/starred{/owner}{/repo},https://api.github.com/users/awonnacott/orgs,https://api.github.com/users/awonnacott/subscriptions,https://api.github.com/users/awonnacott/repos,https://api.github.com/users/awonnacott/events{/privacy},https://api.github.com/users/awonnacott/received_events,User,False,2
